{"cameraMode":{"drawMode":0,"name":"Shaded","section":"Shading Mode"},"sceneLighting":true,"audioPlay":false,"sceneViewState":{"m_AlwaysRefresh":false,"showFog":true,"showSkybox":true,"showFlares":true,"showImageEffects":true,"showParticleSystems":true,"showVisualEffectGraphs":true,"m_FxEnabled":true},"in2DMode":false,"pivot":{"x":0.8489543795585632,"y":0.9799345135688782,"z":1.0929514169692994},"rotation":{"x":-0.0006660003564320505,"y":0.7080106735229492,"z":-0.02004040963947773,"w":-0.7074982523918152},"size":0.5100269317626953,"orthographic":false}