{"cameraMode":{"drawMode":0,"name":"Shaded","section":"Shading Mode"},"sceneLighting":true,"audioPlay":false,"sceneViewState":{"m_AlwaysRefresh":false,"showFog":true,"showSkybox":true,"showFlares":true,"showImageEffects":true,"showParticleSystems":true,"showVisualEffectGraphs":true,"m_FxEnabled":true},"in2DMode":false,"pivot":{"x":3.7759180068969728,"y":1.793492078781128,"z":0.8982517123222351},"rotation":{"x":-0.19052907824516297,"y":-0.6522552967071533,"z":0.14905411005020142,"w":-0.7200141549110413},"size":0.17625877261161805,"orthographic":false}