{"cameraMode":{"drawMode":0,"name":"Shaded","section":"Shading Mode"},"sceneLighting":false,"audioPlay":false,"sceneViewState":{"m_AlwaysRefresh":false,"showFog":true,"showSkybox":false,"showFlares":true,"showImageEffects":true,"showParticleSystems":true,"showVisualEffectGraphs":true,"m_FxEnabled":true},"in2DMode":false,"pivot":{"x":4.296000003814697,"y":0.7031837701797485,"z":1.6269999742507935},"rotation":{"x":0.058376628905534747,"y":0.11113462597131729,"z":-0.0018205436645075679,"w":0.9925845861434937},"size":0.17625823616981507,"orthographic":false}