{"cameraMode":{"drawMode":0,"name":"Shaded","section":"Shading Mode"},"sceneLighting":false,"audioPlay":false,"sceneViewState":{"m_AlwaysRefresh":false,"showFog":true,"showSkybox":false,"showFlares":true,"showImageEffects":true,"showParticleSystems":true,"showVisualEffectGraphs":true,"m_FxEnabled":true},"in2DMode":false,"pivot":{"x":-2.5745487213134767,"y":0.06510955840349198,"z":4.554659843444824},"rotation":{"x":-0.011076576076447964,"y":0.8402429223060608,"z":-0.04073116555809975,"w":-0.542148768901825},"size":3.7157039642333986,"orthographic":false}