{"cameraMode":{"drawMode":0,"name":"Shaded","section":"Shading Mode"},"sceneLighting":true,"audioPlay":false,"sceneViewState":{"m_AlwaysRefresh":false,"showFog":true,"showSkybox":false,"showFlares":true,"showImageEffects":true,"showParticleSystems":true,"showVisualEffectGraphs":true,"m_FxEnabled":true},"in2DMode":false,"pivot":{"x":2.5720245838165285,"y":-1.607512354850769,"z":-1.442737102508545},"rotation":{"x":0.042609430849552158,"y":0.7955666780471802,"z":-0.6048142313957214,"w":0.03420422598719597},"size":2.0615530014038088,"orthographic":false}